dataset,row_1based,SMILES,TARGET,TARGET_num,side,iqr_score,robust_z
AOH,360,FC(F)(F)C(F)(F)C(F)(F)C(F)(F)N(C(F)(F)C(F)(F)C(F)(F)C(F)(F)F)C(F)(F)C(F)(F)C(F)(F)C(F)(F)F,-16.221848749616356,-16.221848749616356,low,2.8100189975671515,-4.8915181387446935
AOH,69,FC(F)(F)Br,-16.0,-16.0,low,2.662358757236389,-4.680538962350534
AOH,3,ClC(Cl)(Cl)Cl,-15.920818753952377,-15.920818753952377,low,2.6096565362804443,-4.605237234908393
AOH,318,FC(F)(Br)C(F)(F)Br,-15.886056647693165,-15.886056647693165,low,2.5865192367756458,-4.5721783127329125
AOH,383,FC1(F)OC(F)(F)C1(F)F,-15.69897000433602,-15.69897000433602,low,2.461996295949682,-4.394258058514234
AOH,64,FC(F)F,-15.508638306165729,-15.508638306165729,low,2.335313480098845,-4.213251742314068
AOH,75,FC(F)(Cl)Cl,-15.397940008672036,-15.397940008672036,low,2.2616338346629714,-4.107977154677928
AOH,77,FC(F)(F)F,-15.397940008672036,-15.397940008672036,low,2.2616338346629714,-4.107977154677928
AOH,74,FC(Cl)(Cl)Cl,-15.30102999566398,-15.30102999566398,low,2.197131529213999,-4.015815288703275
AOH,68,FC(F)(Br)Br,-15.229147988357855,-15.229147988357855,low,2.1492876063042012,-3.9474551707164447
AOH,370,FC(F)(F)C(F)(F)N(C(F)(F)C(F)(F)F)C(F)(F)C(F)(F)F,-15.221848749616356,-15.221848749616356,low,2.144429308258054,-3.9405135612611333
AOH,76,FC(F)(F)Cl,-15.154901959985745,-15.154901959985745,low,2.099870215347574,-3.8768468578745936
AOH,531,FC(F)(F)CC(F)(F)F,-15.045757490560677,-15.045757490560677,low,2.0272247818531364,-3.7730499678443388
AOH,364,FC(Br)(Br)Br,-15.0,-15.0,low,1.9967690679272918,-3.729534384866975
AOH,365,FC(F)(Cl)Br,-15.0,-15.0,low,1.9967690679272918,-3.729534384866975
AOH,62,O=C(Cl)Cl,-15.0,-15.0,low,1.9967690679272918,-3.729534384866975
AOH,389,FC(C(F)(F)F)C(F)(F)F,-14.790484985457368,-14.790484985457368,low,1.8573180344922706,-3.5302846469853972
AOH,377,CC(F)(F)F,-14.769551078621726,-14.769551078621726,low,1.8433846419455098,-3.5103764057600872
AOH,642,CC(F)(F)C(F)(Cl)Cl,-14.610833915635467,-14.610833915635467,low,1.7377441347454647,-3.359435657234951
AOH,689,FC1C(F)(F)OC1(F)F,-14.610833915635467,-14.610833915635467,low,1.7377441347454647,-3.359435657234951
BCF,542,Clc1cc(-c2cc(Cl)c(Cl)c(Cl)c2)cc(Cl)c1Cl,5.97,5.97,high,1.680628272251309,3.0175
BCF,447,Clc1cc(Cl)c(Cl)c(-c2c(Cl)c(Cl)cc(Cl)c2Cl)c1Cl,5.82,5.82,high,1.6020942408376968,2.9110000000000005
Cp,708,CCCCCCCCCCCCN(CCCCCCCCCCCC)CCCCCCCCCCCC,866.894,866.894,high,3.906544422141451,7.073413190506372
Cp,1443,CCCCCCCCN(CCCCCCCC)CCCCCCCC,707.88,707.88,high,2.7563319409030917,5.284518951397691
Cp,1430,CCCCCCCC/C=C\CCCCCCCC(=O)O,684.32,684.32,high,2.5859129459845582,5.01947091617186
Cp,272,CCCCCCCCCCCCCCC=C(c1ccccc1)c1ccccc1,675.087,675.087,high,2.5191269281542175,4.915600436153178
Cp,276,CCCCCCCCCCCCCC(c1ccccc1)c1ccccc1,658.824,658.824,high,2.401490081194959,4.732643042397758
Cp,527,CCCCCCCC/C=C\CCCCCCCC(=O)OC,627.279,627.279,high,2.1733123564621435,4.377764423076923
Cp,1126,CCCCCCCCCCOCCCCCCCCCC,617.73,617.73,high,2.1042405830123525,4.2703389694109015
Cp,282,CCCCCCCCCCCCC1CCCCC1,614.578,614.578,high,2.081440894048718,4.234879232270331
Cp,524,CCCCCCCCCCCCCCCCCC(C)C,600.703,600.703,high,1.981077415504802,4.07878663936887
Cp,247,CCCCCCCCCCCCCCCC(C)C(C)C,595.97,595.97,high,1.9468417150400563,4.025540784074988
Cp,1222,CCCCC/C=C\C/C=C\CCCCCCCC(=O)O,593.92,593.92,high,1.9320132371290628,4.002478455033691
Cp,248,CCCCCCCCCCCCCCC(C)CC(C)C,592.845,592.845,high,1.9242373279806158,3.9903847946827673
Cp,440,C=C(C)CCCCCCCCCCCCCCCCC,591.754,591.754,high,1.9163456843704239,3.978111135666155
Cp,566,CCCCCCCCCCCCCCCCCC,583.958,583.958,high,1.859954067885496,3.890406785809593
Cp,585,CCCCCCCCCCCCCCCC1CCCC1,581.722,581.722,high,1.8437801768567252,3.865251972279671
Cp,372,CCCCCCCCCCCCCCCCS,574.636,574.636,high,1.7925242771117027,3.7855350632130222
Cp,567,C=CCCCCCCCCCCCCCCCC,565.648,565.648,high,1.7275104432268227,3.6844208127626925
Cp,239,CCCCCCCCCCCCCCCCN(C)C,564.596,564.596,high,1.7199009023671323,3.672585900493695
Cp,446,C=C(C)CCCCCCCCCCCCCCCC,563.388,563.388,high,1.7111629505054353,3.6589960012342386
Cp,364,CCCCCCCCCCCCCCCC(C)S,563.302,563.302,high,1.7105408777735593,3.6580285084061646
RI,8146,ICI,1.741,1.741,high,2.534090909090908,4.55698780487806
RI,8145,Ic1cccc2ccccc12,1.703,1.703,high,2.102272727272726,3.9318414634146426
RI,147,FC(F)(F)C(F)(F)C(F)(F)C(F)(F)C(F)(F)C(F)(F)F,1.2515,1.2515,low,2.0284090909090877,-3.495884146341468
RI,8127,FC(F)(F)C(F)(F)C(F)(F)C(F)(C(F)(F)F)C(F)(F)F,1.256,1.256,low,1.9772727272727249,-3.421853658536591
RI,817,C#N,1.261,1.261,low,1.9204545454545443,-3.3395975609756166
RI,2031,Brc1csc2ccsc12,1.687,1.687,high,1.9204545454545443,3.6686219512195204
RI,145,FC(F)(F)C(F)(F)C(F)(F)C(F)(F)C(F)(F)C(F)(F)C(F)(F)F,1.2614999999999998,1.2614999999999998,low,1.9147727272727266,-3.33137195121952
RI,1691,S=C=Nc1ccccc1Br,1.685,1.685,high,1.8977272727272714,3.63571951219513
RI,1398,S=C=Nc1ccc(Cl)c(Cl)c1,1.681,1.681,high,1.852272727272726,3.5699146341463495
RI,8269,Sc1cccc2ccccc12,1.68,1.68,high,1.8409090909090884,3.5534634146341526
RI,8121,O=C(OC(=O)C(F)(F)F)C(F)(F)F,1.269,1.269,low,1.8295454545454533,-3.207987804878056
RI,8133,FC(F)C(F)(F)C(F)(F)C(F)(F)C(F)(F)C(F)(F)C(F)(F)F,1.269,1.269,low,1.8295454545454533,-3.207987804878056
RI,140,FC(F)(F)C(F)(F)C(F)(F)C(F)(F)C(F)(F)C(F)(F)C(F)(F)C(F)(F)F,1.2715,1.2715,low,1.8011363636363604,-3.166859756097565
RI,1219,S=C=Nc1cccc(Cl)c1Cl,1.675,1.675,high,1.7840909090909078,3.471207317073178
RI,139,FC(F)(F)C(F)(F)C(F)(F)C(F)(F)C(F)(F)C(F)(F)C(F)(F)C(F)(F)C(F)(F)F,1.275,1.275,low,1.7613636363636351,-3.109280487804884
RI,1094,Brc1ccc(Br)[se]1,1.671,1.671,high,1.7386363636363624,3.4054024390243973
RI,1901,S=C(Cl)Sc1ccccc1,1.67,1.67,high,1.7272727272727249,3.3889512195122005
RI,8129,FC(F)(F)C(F)(F)C(F)(F)N(C(F)(F)C(F)(F)C(F)(F)F)C(F)(F)C(F)(F)C(F)(F)F,1.279,1.279,low,1.7159090909090897,-3.0434756097561038
RI,8130,FC(F)(F)C1(F)C(F)(F)C(F)(F)C(F)(F)C(F)(F)C1(F)F,1.28,1.28,low,1.704545454545452,-3.027024390243907
RI,2030,c1cc2ccsc2s1,1.667,1.667,high,1.693181818181817,3.3395975609756166
Vcp,1372,COCC(C)N(C(=O)CCl)c1c(C)csc1C,25.6,25.6,high,19.4355247591685,50.662886402306924
Vcp,1150,C[C@@H]1CCC[C@@H](O)C1,25.1,25.1,high,19.029263790122336,49.64455031365355
Vcp,1425,O=S(=O)(O)O,24.77,24.77,high,18.761131550551866,48.97244849514233
Vcp,1151,C[C@H]1CC[C@@H](O)CC1,24.7,24.7,high,18.704255014885405,48.829881442730866
Vcp,1202,CC(O)COc1ccccc1,22.7,22.7,high,17.079211138700746,44.7565370881174
Vcp,972,CC1CCCCC1O,21.8,21.8,high,16.347941394417653,42.92353212854134
Vcp,826,OCCO,21.0,21.0,high,15.697923843943789,41.294194386695956
Vcp,909,CCCCOC(=O)c1ccccc1C(=O)OCCCC,19.91,19.91,high,14.81227493142315,39.07422171343162
Vcp,1294,CCCCCCOC(=O)CC(CC(=O)OCCCCCC)C(=O)OCCCCCC,19.9,19.9,high,14.804149712042227,39.05385499165855
Vcp,1245,CCCCCCCC(=O)OCC(COC(=O)CCCCCCC)OC(=O)CCCCCCC,19.7,19.7,high,14.641645324423761,38.6465205561972
Vcp,927,OCCCc1ccccc1,19.67,19.67,high,14.617269666280993,38.58542039087801
Vcp,1229,CCCCC(CC)COC(=O)CCCCCCCCC(=O)OCC(CC)CCCC,19.5,19.5,high,14.479140936805296,38.23918612073586
Vcp,921,Cc1ccc(O)cc1,18.95,18.95,high,14.032253870854515,37.119016423217154
Vcp,1017,CCCCCCCCCCCCO,18.8,18.8,high,13.910375580140666,36.81351559662115
Vcp,1412,Nc1ccc(Nc2ccccc2)cc1,17.6,17.6,high,12.935349254429873,34.36950898385307
Vcp,1300,CCCCCOC(=O)CC(CC(=O)OCCCCC)C(=O)OCCCCC,17.4,17.4,high,12.772844866811404,33.96217454839172
Vcp,1018,CCCCCCCCCCCO,17.2,17.2,high,12.61034047919294,33.55484011293037
Vcp,1317,CCCOC(=O)CC(CC(=O)OCCC)C(=O)OCCC,16.6,16.6,high,12.122827316337544,32.33283680654634
Vcp,922,Cc1cccc(O)c1,16.4,16.4,high,11.960322928719076,31.92550237108499
Vcp,1199,CC(CO)c1ccccc1,15.6,15.6,high,11.310305378245214,30.296164629239605
de,297,C#N,114.3,114.3,high,11.459034792368126,21.44335535976505
de,158,NC=O,109.0,109.0,high,10.864197530864198,20.39347283406755
de,210,O=C1OCCO1,90.5,90.5,high,8.787878787878787,16.728788546255508
de,851,O=S(=O)(O)O,84.0,84.0,high,8.058361391694724,15.441196769456683
de,59,O,80.1,80.1,high,7.620650953984287,14.668641703377387
de,88,O=C1OCC(F)O1,79.7,79.7,high,7.575757575757575,14.589405286343615
de,664,CC1COC(=O)O1,64.9,64.9,high,5.914702581369248,11.657657856093982
de,645,Cn1ccnc1,59.89,59.89,high,5.352413019079686,10.665221732745962
de,248,CC(C)(C)N,58.5,58.5,high,5.196408529741863,10.389875183553597
de,755,CCS(C)(=O)=O,57.5,57.5,high,5.084175084175084,10.191784140969165
de,125,COS(=O)(=O)OC,55.0,55.0,high,4.803591470258136,9.696556534508078
de,648,CN(C)N=O,53.0,53.0,high,4.579124579124579,9.300374449339209
de,590,NN,52.9,52.9,high,4.567901234567901,9.280565345080765
de,706,O=C1C=CC(=O)O1,52.75,52.75,high,4.551066217732884,9.2508516886931
de,408,OC[C@@H](O)[C@@H](O)CO,50.3629411764706,50.3629411764706,high,4.283158381197597,8.777996717629787
de,257,OC[C@@H](O)[C@@H](O)[C@H](O)[C@H](O)CO,50.3629411764706,50.3629411764706,high,4.283158381197597,8.777996717629787
de,31,CS(C)=O,46.7,46.7,high,3.872053872053872,8.05240088105727
de,278,CN(C)CCO,44.0530769230769,44.0530769230769,high,3.5749805749805725,7.528069129108773
de,134,COS(=O)(=O)O,42.6,42.6,high,3.4118967452300786,7.2402276064610875
de,38,OCC(O)CO,42.5,42.5,high,3.4006734006734005,7.2204185022026435
delaney_s,1027,Clc1c(Cl)c(Cl)c(-c2c(Cl)c(Cl)c(Cl)c(Cl)c2Cl)c(Cl)c1Cl,-4.22558779586744,-4.22558779586744,low,2.6886757654002214,-4.30727706656913
delaney_s,1102,c1cc2ccc3ccc4ccc5ccc6ccc1c1c2c3c4c5c61,-3.128198942107719,-3.128198942107719,low,1.8520841018074516,-3.1882090343818588
delaney_s,1016,Clc1cc(-c2cc(Cl)c(Cl)c(Cl)c2Cl)c(Cl)c(Cl)c1Cl,-3.04497544878908,-3.04497544878908,low,1.7886388786425675,-3.103341441111924
delaney_s,1008,Clc1cc(Cl)c(Cl)c(-c2c(Cl)c(Cl)cc(Cl)c2Cl)c1Cl,-3.0401368735961363,-3.0401368735961363,low,1.7849502028771675,-3.0984072787125094
delaney_s,922,c1cc2ccc3ccc4ccc5cccc6c(c1)c2c3c4c56,-2.9762676810492743,-2.9762676810492743,low,1.7362596827738845,-3.033276335040234
delaney_s,1035,Clc1ccc(Cl)c(-c2c(Cl)c(Cl)c(Cl)c(Cl)c2Cl)c1,-2.93852679454431,-2.93852679454431,low,1.7074880118037625,-2.9947898683247987
delaney_s,856,c1cc2cccc3c4cccc5cccc(c(c1)c23)c54,-2.8727221719202705,-2.8727221719202705,low,1.6573220213943198,-2.9276852596927583
delaney_s,1034,Clc1cc(Cl)c(-c2c(Cl)cc(Cl)cc2Cl)c(Cl)c1,-2.827239565106596,-2.827239565106596,low,1.6226484691995575,-2.881304133138259
delaney_s,623,c1ccc2c(c1)cc1ccc3cccc4ccc2c1c34,-2.8219171323943573,-2.8219171323943573,low,1.6185909258576174,-2.8758765544989027
delaney_s,946,c1ccc2cc3cc4ccccc4cc3cc2c1,-2.7740152379842105,-2.7740152379842105,low,1.582073035780155,-2.8270283467446964
delaney_s,1007,Clc1cccc(-c2c(Cl)c(Cl)cc(Cl)c2Cl)c1Cl,-2.7740152379842105,-2.7740152379842105,low,1.582073035780155,-2.8270283467446964
delaney_s,705,CCOc1ccc(C(C)(C)COCc2cccc(Oc3ccccc3)c2)cc1,-2.7740152379842105,-2.7740152379842105,low,1.582073035780155,-2.8270283467446964
delaney_s,1041,Clc1cc(Cl)c(-c2cc(Cl)c(Cl)cc2Cl)cc1Cl,-2.7546609372124347,-2.7546609372124347,low,1.5673183327185545,-2.8072916971470376
delaney_s,930,c1ccc2cc3c(cc2c1)-c1cccc2cccc-3c12,-2.7207909108618256,-2.7207909108618256,low,1.5414976023607527,-2.772752560351134
delaney_s,766,CC1(C)C(C=C(Br)Br)C1C(=O)OC(C#N)c1cccc(Oc2ccccc2)c1,-2.678211449163918,-2.678211449163918,low,1.5090372556252314,-2.7293319312362847
delaney_s,263,CCCCCCCCCCCCCCCC,-2.677243734125329,-2.677243734125329,low,1.5082995204721508,-2.7283450987564013
delaney_s,210,CCCCCCCCCCCCCCCCCCO,-2.677243734125329,-2.677243734125329,low,1.5082995204721508,-2.7283450987564013
density,3,[Hg],13530.0,13530.0,high,59.87129557926944,81.04058714261866
density,14,BrCBr,2478.61,2478.61,high,6.880115942584933,9.941914800772587
density,37,BrCCBr,2179.591,2179.591,high,5.446326207195829,8.018188110737533
density,55,ClC(Cl)(Cl)Br,2002.14,2002.14,high,4.595452442202531,6.8765642511386105
density,38,BrCCCBr,1970.25,1970.25,high,4.442540571513516,6.671401220878936
density,83,Brc1cccc(Br)c1,1952.0,1952.0,high,4.35503221026941,6.553990581109758
density,485,CCI,1923.75,1923.75,high,4.219574062042234,6.372245344206784
density,58,ClCBr,1921.71,1921.71,high,4.209792305497688,6.35912108639149
density,134,O=C1CCC(=O)CC1,1.0196,1.0196,low,3.9998772485453276,-5.997563223883443
density,165,C1OCOCO1,1.023,1.023,low,3.999860945617753,-5.997541350120417
density,237,CC(CO)(CO)CO,1.798,1.798,low,3.996144837126565,-5.992555418842548
density,318,CCC(CO)(CO)CO,1.851,1.851,low,3.995890703255555,-5.992214445477739
density,15,NCC(=O)NCC(=O)NCC(=O)NCC(=O)O,8.59,8.59,low,3.963577341807663,-5.948859360469274
density,42,BrCCCCBr,1819.44,1819.44,high,3.7194098340218167,5.701171161504159
density,24,FC(F)(F)C(F)(F)C(F)(F)C(F)(F)C(F)(F)C(F)(F)C(F)(F)C(F)(F)C(F)(F)F,1798.0,1798.0,high,3.6166054907301115,5.563237785249301
density,25,FC(F)(F)C(F)(F)C(F)(F)C(F)(F)C(F)(F)C(F)(F)C(F)(F)C(F)(F)F,1754.28,1754.28,high,3.406969022040123,5.281966926580345
density,39,ClCCBr,1727.01,1727.01,high,3.276209952937288,5.106526480196484
density,26,FC(F)(F)C(F)(F)C(F)(F)C(F)(F)C(F)(F)C(F)(F)C(F)(F)F,1717.0,1717.0,high,3.2282122161672335,5.042127548465554
density,43,BrCCCCCBr,1694.09,1694.09,high,3.1183592541890164,4.894736986432028
density,573,O=P(O)(O)O,1682.8,1682.8,high,3.064223944685129,4.822103226267972
freesolv_s,609,OC[C@H]1O[C@@H](O)[C@H](O)[C@@H](O)[C@@H]1O,-25.47,-25.47,low,4.3791574279379155,-6.493541666666667
freesolv_s,180,OC[C@@H](O)[C@@H](O)[C@H](O)[C@H](O)CO,-23.62,-23.62,low,3.9689578713968965,-5.946250000000001
freesolv_s,611,O[C@@H]1[C@@H](O)[C@@H](O)OC[C@H]1O,-20.52,-20.52,low,3.2815964523281598,-5.029166666666667
freesolv_s,541,O=c1[nH]cc(I)c(=O)[nH]1,-18.72,-18.72,low,2.8824833702882486,-4.496666666666667
freesolv_s,540,O=c1[nH]cc(Br)c(=O)[nH]1,-18.17,-18.17,low,2.760532150776054,-4.333958333333334
freesolv_s,507,O=c1[nH]c(=O)[nH]c(=O)[nH]1,-18.06,-18.06,low,2.7361419068736144,-4.301416666666666
freesolv_s,539,O=c1[nH]cc(Cl)c(=O)[nH]1,-17.74,-17.74,low,2.6651884700665187,-4.2067499999999995
freesolv_s,538,O=c1[nH]cc(F)c(=O)[nH]1,-16.92,-16.92,low,2.483370288248338,-3.9641666666666677
freesolv_s,561,Nc1cnn(-c2ccccc2)c(=O)c1Cl,-16.43,-16.43,low,2.3747228381374725,-3.819208333333333
freesolv_s,542,O=c1cc(Cl)[nH]c(=O)[nH]1,-15.83,-15.83,low,2.2416851441241685,-3.6417083333333338
freesolv_s,537,O=c1[nH]cc(C(F)(F)F)c(=O)[nH]1,-15.46,-15.46,low,2.159645232815965,-3.5322500000000003
freesolv_s,516,O=C1c2ccccc2C(=O)c2c(NCCO)cccc21,-14.21,-14.21,low,1.8824833702882489,-3.162458333333334
freesolv_s,420,OCC(O)CO,-13.43,-13.43,low,1.7095343680709536,-2.9317083333333334
freesolv_s,294,COP(=O)(OC)[C@@H](O)C(Cl)(Cl)Cl,-12.74,-12.74,low,1.5565410199556542,-2.7275833333333335
freesolv_s,604,Cn1c(=O)c2c(ncn2C)n(C)c1=O,-12.64,-12.64,low,1.534368070953437,-2.698000000000001
gas_Hf,4155,FC(F)(F)C(F)(F)C(F)(F)C(F)(F)N(C(F)(F)C(F)(F)C(F)(F)C(F)(F)F)C(F)(F)C(F)(F)C(F)(F)C(F)(F)F,-5583.5,-5583.5,low,10.349395122051154,-14.870756962864721
gas_Hf,3223,FC(F)(F)C(F)(C(F)(F)F)C(F)(F)C(F)(F)C(F)(F)C(F)(F)C(F)(C(F)(F)F)C(F)(F)F,-4639.1,-4639.1,low,8.414605164766499,-12.230679874005304
gas_Hf,2354,FC(F)(F)C(=C(C(F)(F)C(F)(F)F)C(F)(C(F)(F)F)C(F)(F)F)C(F)(F)F,-3753.3,-3753.3,low,6.599868883357405,-9.754419512599467
gas_Hf,4707,FC1(F)C(F)(F)C(F)(F)[C@]2(F)C(F)(F)C(F)(F)C(F)(F)C(F)(F)[C@]2(F)C1(F)F,-3624.1,-3624.1,low,6.335177161119818,-9.39323997015915
gas_Hf,5829,CC(=O)OCC1OC(OC2(COC(C)=O)OC(COC(C)=O)C(OC(C)=O)C2OC(C)=O)C(OC(C)=O)C(OC(C)=O)C1OC(C)=O,-3602.25,-3602.25,low,6.290413119859048,-9.33215813577586
gas_Hf,2547,FC(F)(F)C(F)(F)C(F)(F)C(F)(F)C(F)(F)C(F)(F)C(F)(F)F,-3385.4,-3385.4,low,5.846153058193253,-8.725952378978779
gas_Hf,1885,FC(F)(F)C(F)(F)C1CCCCC1,-3302.1,-3302.1,low,5.675496553066387,-8.493086621352782
gas_Hf,3081,FC1(F)C(F)(F)C(F)(F)[C@@]2(F)C(F)(F)C(F)(F)C(F)(F)[C@]2(F)C1(F)F,-3217.0,-3217.0,low,5.501152392366552,-8.255188950596816
gas_Hf,2654,FC1(F)C2=C(C(F)(F)C(F)(F)C1(F)F)C(F)(F)C(F)(F)C(F)(F)C2(F)F,-3203.6,-3203.6,low,5.473699845323335,-8.217729152851458
gas_Hf,539,FC(F)(F)C(F)(F)N(C(F)(F)C(F)(F)F)C(F)(F)C(F)(F)F,-3138.0,-3138.0,low,5.339305286664002,-8.03434387433687
gas_Hf,5372,c12c3c4c5c1c1c6c7c2c2c8c3c3c9c4c4c%10c5c5c1c1c6c6c%11c7c2c2c7c8c3c3c8c9c4c4c9c%10c5c5c1c1c6c6c%11c2c2c7c3c3c8c4c4c9c5c1c1c6c2c3c41,2560.0,2560.0,high,5.334173299324954,7.894456689323606
gas_Hf,5529,F[C-]1C(F)(F)C(F)(F)C(F)(F)C(F)(F)C1(F)C(F)(F)F,-3000.0,-3000.0,low,5.0565850260696745,-7.64856386770557
gas_Hf,3787,FC(F)(F)C1(F)C(F)(F)C(F)(F)C(F)(F)C(F)(F)C1(F)F,-2897.2,-2897.2,low,4.845978918902306,-7.361185717838194
gas_Hf,3921,OCC1OC(OC2C(O)C(CO)OC2(CO)OC2OC(CO)C(O)C(O)C2O)C(O)C(O)C1O,-2773.33,-2773.33,low,4.592206754555789,-7.014906229277186
gas_Hf,2920,OCC1OC(OCC2OC(OC3(CO)OC(CO)C(O)C3O)C(O)C(O)C2O)C(O)C(O)C1O,-2766.44,-2766.44,low,4.57809122850148,-6.995645184018567
gas_Hf,1024,FC(=C(C(F)(F)F)C(F)(F)F)C(F)(F)C(F)(F)F,-2499.0,-2499.0,low,4.030187558259835,-6.2480147131962855
gas_Hf,900,CCCCCCCCCCCCCCCCCCCCCC(=O)OCC(COC(=O)CCCCCCCCCCCCCCCCCCCCC)OC(=O)CCCCCCCCCCCCCCCCCCCCC,-2438.16,-2438.16,low,3.905544799893467,-6.077936049403181
gas_Hf,1226,FB1OB(F)OB(F)O1,-2365.22,-2365.22,low,3.756112801286581,-5.874031747347479
gas_Hf,5396,CC(=O)C(O)(CO)C(O)(C(C)=O)C(O)(C(C)=O)C(O)(C(C)=O)C(O)(C(C)=O)C(C)=O,-2361.96,-2361.96,low,3.7494340473044256,-5.864918393567639
gas_Hf,3065,CC(=O)OCC(OC(C)=O)C(OC(C)=O)C(OC(C)=O)C(COC(C)=O)OC(C)=O,-2361.96,-2361.96,low,3.7494340473044256,-5.864918393567639
k,822,C=C(F)C(F)(F)F,0.0353068196721311,0.0353068196721311,low,3.967521990546263,-6.161387545700026
k,1265,O=C(C(F)(F)C(F)(F)F)C(F)(C(F)(F)F)C(F)(F)F,0.0435966710875331,0.0435966710875331,low,3.5791495281083736,-5.630757133583399
k,1263,FC(F)C(F)(F)F,0.0501148691099476,0.0501148691099476,low,3.2737775148151607,-5.213529618930306
k,11,FC(F)(F)C(F)(F)Cl,0.0505827,0.0505827,low,3.2518600369654864,-5.183583931661633
k,729,NCCN,0.208535510197137,0.208535510197137,high,3.1480942892691846,4.926918726343108
k,1104,CCCCCCCCCCCC(=O)OCC,0.207725,0.207725,high,3.1101225784001234,4.8750382596881225
k,1110,CCCCCCCCCCCCCC(=O)OCC,0.207725,0.207725,high,3.1101225784001234,4.8750382596881225
k,1096,CCCCCCCCCC(=O)OCC,0.207725,0.207725,high,3.1101225784001234,4.8750382596881225
k,1072,CCCCCCC(=O)OCC,0.207725,0.207725,high,3.1101225784001234,4.8750382596881225
k,1081,CCCCCCCC(=O)OCC,0.207725,0.207725,high,3.1101225784001234,4.8750382596881225
k,1262,FC(F)(F)/C=C/Cl,0.0538792966360856,0.0538792966360856,low,3.0974172986020103,-4.972569964832463
k,6,C=O,0.207285,0.207285,high,3.0895089539924316,4.846874017697304
k,250,OCCOCCO,0.205996,0.205996,high,3.0291204043071707,4.764365590592383
k,694,C#N,0.204325302803356,0.204325302803356,high,2.9508496667830717,4.657424863002236
k,746,FC(F)(F)Br,0.0586375284716165,0.0586375284716165,low,2.8744981988239258,-4.66799725377721
k,1084,CCCCCCCC/C=C\CCCCCCCC(=O)O,0.202499415567308,0.202499415567308,high,2.865308408386043,4.540550476720408
k,505,FC(F)(F)C(F)(F)C(F)(F)C(F)(F)C(F)(F)C(F)(F)C(F)(F)F,0.0591243,0.0591243,low,2.8516933682365266,-4.636839183050769
k,1273,OCCCOCCCO,0.201214285714286,0.201214285714286,high,2.805101171783071,4.458289776333733
k,928,CC(O)COC(C)COC(C)CO,0.201214285714286,0.201214285714286,high,2.805101171783071,4.458289776333733
k,665,FC(F)(F)C(F)(F)C(F)(F)C(F)(F)C(F)(F)C(F)(F)C(F)(F)C(F)(F)C(F)(F)F,0.0606461,0.0606461,low,2.7803983372737404,-4.5394293115470665
liquid_Hf,3851,Oc1ccccc1Br,-5968.73226179,-5968.73226179,low,11.316863170032606,-16.501811790385883
liquid_Hf,3365,FC(F)(F)C(F)(F)C(F)(F)C(F)(F)N(C(F)(F)C(F)(F)C(F)(F)C(F)(F)F)C(F)(F)C(F)(F)C(F)(F)C(F)(F)F,-5643.8,-5643.8,low,10.630271401976916,-15.548321195827608
liquid_Hf,2640,FC(F)(F)C(F)(C(F)(F)F)C(F)(F)C(F)(F)C(F)(F)C(F)(F)C(F)(C(F)(F)F)C(F)(F)F,-4687.9,-4687.9,low,8.61042558097745,-12.743300683806831
liquid_Hf,3438,FC(F)(F)C(F)(F)C1(F)C(F)(F)C(F)(F)C(F)(F)C(F)(F)C1(F)F,-4275.8736,-4275.8736,low,7.739801245606123,-11.534238539760304
liquid_Hf,2147,FC(F)(F)C(F)(F)C(F)(F)C(F)(F)OC(F)(F)C(F)(F)C(F)(F)C(F)(F)F,-4043.42534,-4043.42534,low,7.2486309908100175,-10.852135665732124
liquid_Hf,4724,CC(=O)OCC1OC(OC2(COC(C)=O)OC(COC(C)=O)C(OC(C)=O)C2OC(C)=O)C(OC(C)=O)C(OC(C)=O)C1OC(C)=O,-3836.79,-3836.79,low,6.81200422235118,-10.245778968160844
liquid_Hf,2096,FC(F)(F)C(F)(F)C(F)(F)C(F)(F)C(F)(F)C(F)(F)C(F)(F)F,-3421.7,-3421.7,low,5.93490640684886,-9.027726907971804
liquid_Hf,1548,FC(F)(F)C(F)(F)C1CCCCC1,-3340.5,-3340.5,low,5.763328333132827,-8.789451287534428
liquid_Hf,2526,FC1(F)C(F)(F)C(F)(F)[C@@]2(F)C(F)(F)C(F)(F)C(F)(F)[C@]2(F)C1(F)F,-3257.6,-3257.6,low,5.588158107627172,-8.546187138097748
liquid_Hf,3191,OCC1OC(OC2C(O)C(CO)OC2(CO)OC2OC(CO)C(O)C(O)C2O)C(O)C(O)C1O,-3231.64,-3231.64,low,5.533303836769189,-8.470009365849544
liquid_Hf,2389,OCC1OC(OCC2OC(OC3(CO)OC(CO)C(O)C3O)C(O)C(O)C2O)C(O)C(O)C1O,-3229.82,-3229.82,low,5.52945812132383,-8.464668705391466
liquid_Hf,442,FC(F)(F)C(F)(F)N(C(F)(F)C(F)(F)F)C(F)(F)C(F)(F)F,-3172.0,-3172.0,low,5.407282699867412,-8.295000030838644
liquid_Hf,743,CCCCCCCCCCCCCCCCCCCCCC(=O)OCC(COC(=O)CCCCCCCCCCCCCCCCCCCCC)OC(=O)CCCCCCCCCCCCCCCCCCCCC,-2799.77,-2799.77,low,4.620749370072842,-7.202717590008542
liquid_Hf,1898,CCCCCCCCCCCCCCCCCCCC(=O)OCC(COC(=O)CCCCCCCCCCCCCCCCCCC)OC(=O)CCCCCCCCCCCCCCCCCCC,-2648.45,-2648.45,low,4.301005600187248,-6.758679820493965
liquid_Hf,1976,CCCCCCCCC=CCCCCCCCCCCCCCC(=O)OCC(COC(=O)CCCCCCCCCCCCCC=CCCCCCCCC)OC(=O)CCCCCCCCCCCCCC=CCCCCCCCC,-2584.13,-2584.13,low,4.165095480711691,-6.569937358590863
liquid_Hf,993,CCCCCCCCCCCCCCCCCCCCCCCCCCCCCCCCCCCCCCCCCCCCCCCCCCCCCCCCCCCCCCCCCCCCCCCCCCCCCCCCCCCCCCCCCCCCCCCCCCC,-2545.35,-2545.35,low,4.083152159299034,-6.456140208830254
liquid_Hf,838,FC(=C(C(F)(F)F)C(F)(F)F)C(F)(F)C(F)(F)F,-2522.4,-2522.4,low,4.034658110139145,-6.388795067339642
liquid_Hf,4373,CC(=O)C(O)(CO)C(O)(C(C)=O)C(O)(C(C)=O)C(O)(C(C)=O)C(O)(C(C)=O)C(C)=O,-2520.41,-2520.41,low,4.030453179514823,-6.382955553981632
liquid_Hf,2512,CC(=O)OCC(OC(C)=O)C(OC(C)=O)C(OC(C)=O)C(COC(C)=O)OC(C)=O,-2520.41,-2520.41,low,4.030453179514823,-6.382955553981632
liquid_Hf,501,CCCCCCCCCCCCCCCCCCCCCCCCCCCCCCCCCCCCCCCCCCCCCCCCCCCCCCCCCCCCCCCCCCCCCCCCCCCCCCCCCCCCCCCCCCCCCCCCCC,-2520.13,-2520.13,low,4.0298615309847685,-6.382133913911159
solid_Hf,1273,c1ccc2c(c1)Sc1ccccc1S2,-7057.17975134,-7057.17975134,low,12.815478122278064,-17.87518813033242
solid_Hf,952,CCCCCCCCCC(=O)OCC(O)CO,-6917.86214282,-6917.86214282,low,12.54306069676665,-17.509728264057056
solid_Hf,677,Oc1ccc(Br)cc1,-5949.83102854,-5949.83102854,low,10.650202021050534,-14.970375734729231
solid_Hf,1196,C[Si]12O[Si]3(C)O[Si]4(C)O[Si](C)(O1)O[Si]1(C)O[Si](C)(O2)O[Si](C)(O3)O[Si](C)(O4)O1,-5712.6,-5712.6,low,10.186327664227834,-14.348068038755894
solid_Hf,1199,c1ccc([Si]23O[Si]4(c5ccccc5)O[Si]5(c6ccccc6)O[Si](c6ccccc6)(O2)O[Si]2(c6ccccc6)O[Si](c6ccccc6)(O3)O[Si](c3ccccc3)(O4)O[Si](c3ccccc3)(O5)O2)cc1,4917.0,4917.0,high,9.598469727700108,13.535644837373388
solid_Hf,1136,CC(C)N=C=NC(C)C,-4151.62838236,-4151.62838236,low,7.134051115044663,-10.253305828130769
solid_Hf,964,O=C(OC1CCCCC1)OC1CCCCC1,-3819.699,-3819.699,low,6.48500646982938,-9.3825841083222
solid_Hf,852,CC1CCC2C(C)C(OC(=O)CCC(=O)O)OC3OC4(C)CCC1C32OO4,-3320.12312052,-3320.12312052,low,5.508150949688828,-8.072089792142844
solid_Hf,1110,On1nnc2ccccc21,-2772.24365049,-2772.24365049,low,4.43684405387239,-6.634884833062314
solid_Hf,32,OCC1OC(O)C(O)C(O)C1OC1OC(O)C(O)C(O)C1CO,-2484.0989,-2484.0989,low,3.8734145496123724,-5.87901956161023
solid_Hf,895,COC1OC2OC3(C)CCC4C(C)CCC(C1C)C24OO3,-2419.75416069,-2419.75416069,low,3.747596798258157,-5.710229556717343
solid_Hf,996,FC1(F)C(F)(F)C(F)(F)C(F)(F)C(F)(F)C1(F)F,-2404.88,-2404.88,low,3.718512315651415,-5.671211453876845
solid_Hf,1067,O=C(O)c1c(C(=O)O)c(C(=O)O)c(C(=O)O)c(C(=O)O)c1C(=O)O,-2298.75231922,-2298.75231922,low,3.5109934680289734,-5.392815862407831
solid_Hf,839,OCC1OC(OC2OC(CO)C(O)C(O)C2O)C(O)C(O)C1O,-2240.92398715,-2240.92398715,low,3.397917701717157,-5.241119786586977
solid_Hf,40,OCC1OC(OC2C(CO)OC(O)C(O)C2O)C(O)C(O)C1O,-2236.7198,-2236.7198,low,3.38969696169773,-5.230091305047868
solid_Hf,30,CC(=O)OCC1OC(OC(C)=O)C(OC(C)=O)C(OC(C)=O)C1OC(C)=O,-2232.6387,-2232.6387,low,3.381716902557575,-5.219385707413078
solid_Hf,13,O=C(O)CN(CCN(CC(=O)O)CC(=O)O)CCN(CC(=O)O)CC(=O)O,-2225.213,-2225.213,low,3.367196914035595,-5.1999065090703125
solid_Hf,409,OCC(F)(F)C(F)(F)C(F)(F)C(F)(F)CO,-2184.1816,-2184.1816,low,3.286965359159856,-5.092272376411922
solid_Hf,1029,COC(=O)c1c(C(=O)OC)c(C(=O)OC)c(C(=O)OC)c(C(=O)OC)c1C(=O)OC,-2111.45158774,-2111.45158774,low,3.1447512994457996,-4.901486008219779
solid_Hf,116,O=C(CC(=O)C(F)(F)F)C(F)(F)F,-1960.01153268,-1960.01153268,low,2.8486300097035224,-4.504226373498036
